,Country,Year,"Crude divorce rate (per 1,000 inhabitants)"
10,Albania,1970,0.80000001
11,Albania,1971,0.80000001
12,Albania,1972,0.80000001
13,Albania,1973,0.80000001
14,Albania,1974,0.80000001
15,Albania,1975,0.80000001
16,Albania,1976,0.80000001
17,Albania,1977,0.80000001
18,Albania,1978,0.69999999
19,Albania,1979,0.69999999
20,Albania,1980,0.80000001
21,Albania,1981,0.80000001
22,Albania,1982,0.80000001
23,Albania,1983,0.80000001
24,Albania,1984,0.80000001
25,Albania,1985,0.80000001
26,Albania,1986,0.80000001
27,Albania,1987,0.80000001
28,Albania,1988,0.80000001
29,Albania,1989,0.80000001
30,Albania,1990,0.80000001
31,Albania,1991,0.69999999
32,Albania,1992,0.69999999
33,Albania,1993,0.69999999
34,Albania,1994,0.69999999
35,Albania,1995,0.69999999
36,Albania,1996,0.60000002
37,Albania,1997,0.40000001
38,Albania,1998,0.60000002
39,Albania,1999,0.69999999
40,Albania,2000,0.69999999
41,Albania,2001,0.80000001
42,Albania,2002,1.1
43,Albania,2003,1.2
44,Albania,2004,0.89999998
45,Albania,2005,1.3
46,Albania,2006,1.3
47,Albania,2007,1.0
48,Albania,2008,1.1
49,Albania,2014,1.5
50,Albania,2015,1.3
51,Albania,2016,1.9
52,Albania,2017,1.6
85,Australia,1970,1.0
86,Australia,1980,2.7
87,Australia,1981,2.8
88,Australia,1982,2.9000001
89,Australia,1983,2.8
90,Australia,1984,2.8
91,Australia,1985,2.5
92,Australia,1986,2.5
93,Australia,1987,2.4000001
94,Australia,1988,2.5
95,Australia,1989,2.5
96,Australia,1990,2.5
97,Australia,1991,2.5999999
98,Australia,1992,2.5999999
99,Australia,1993,2.7
100,Australia,1994,2.7
101,Australia,1995,2.8
102,Australia,1996,2.9000001
103,Australia,1997,2.8
104,Australia,1998,2.7
105,Australia,1999,2.8
106,Australia,2000,2.5999999
107,Australia,2001,2.8
108,Australia,2002,2.7
109,Australia,2003,2.7
110,Australia,2004,2.5999999
111,Australia,2005,2.5999999
112,Australia,2006,2.5
113,Australia,2007,2.3
114,Australia,2008,2.2
115,Australia,2009,2.3
116,Australia,2010,2.3
117,Australia,2011,2.2
118,Australia,2012,2.2
119,Australia,2013,2.0999999
120,Australia,2014,2.0
121,Australia,2015,2.0
122,Australia,2016,1.9
123,Australia,2017,2.0
134,Austria,1970,1.4
135,Austria,1971,1.3
136,Austria,1972,1.3
137,Austria,1973,1.3
138,Austria,1974,1.4
139,Austria,1975,1.4
140,Austria,1976,1.5
141,Austria,1977,1.5
142,Austria,1978,1.6
143,Austria,1979,1.7
144,Austria,1980,1.8
145,Austria,1981,1.8
146,Austria,1982,1.9
147,Austria,1983,1.9
148,Austria,1984,2.0
149,Austria,1985,2.0
150,Austria,1986,1.9
151,Austria,1987,1.9
152,Austria,1988,2.0
153,Austria,1989,2.0
154,Austria,1990,2.0999999
155,Austria,1991,2.0999999
156,Austria,1992,2.0999999
157,Austria,1993,2.0999999
158,Austria,1994,2.0999999
159,Austria,1995,2.3
160,Austria,1996,2.3
161,Austria,1997,2.3
162,Austria,1998,2.2
163,Austria,1999,2.3
164,Austria,2000,2.4000001
165,Austria,2001,2.5999999
166,Austria,2002,2.5
167,Austria,2003,2.3
168,Austria,2004,2.4000001
169,Austria,2005,2.4000001
170,Austria,2006,2.5
171,Austria,2007,2.5
172,Austria,2008,2.4000001
173,Austria,2009,2.3
174,Austria,2010,2.0999999
175,Austria,2011,2.0999999
176,Austria,2012,2.0
177,Austria,2013,1.9
178,Austria,2014,1.9
179,Austria,2015,1.9
180,Austria,2016,1.8
181,Austria,2017,1.8
239,Belgium,1970,0.69999999
240,Belgium,1971,0.69999999
241,Belgium,1972,0.80000001
242,Belgium,1973,0.89999998
243,Belgium,1974,1.0
244,Belgium,1975,1.1
245,Belgium,1976,1.3
246,Belgium,1977,1.3
247,Belgium,1978,1.4
248,Belgium,1979,1.4
249,Belgium,1980,1.5
250,Belgium,1981,1.6
251,Belgium,1982,1.6
252,Belgium,1983,1.7
253,Belgium,1984,1.9
254,Belgium,1985,1.9
255,Belgium,1986,1.9
256,Belgium,1987,2.0
257,Belgium,1988,2.0999999
258,Belgium,1989,2.0
259,Belgium,1990,2.0
260,Belgium,1991,2.0999999
261,Belgium,1992,2.2
262,Belgium,1993,2.0999999
263,Belgium,1994,2.2
264,Belgium,1995,3.5
265,Belgium,1996,2.8
266,Belgium,1997,2.5999999
267,Belgium,1998,2.5999999
268,Belgium,1999,2.5999999
269,Belgium,2000,2.5999999
270,Belgium,2001,2.8
271,Belgium,2002,3.0
272,Belgium,2003,3.0
273,Belgium,2004,3.0
274,Belgium,2005,2.9000001
275,Belgium,2006,2.8
276,Belgium,2007,2.8
277,Belgium,2008,3.3
278,Belgium,2009,3.0
279,Belgium,2010,2.7
280,Belgium,2011,2.5
281,Belgium,2012,2.3
282,Belgium,2013,2.2
283,Belgium,2014,2.2
284,Belgium,2015,2.2
285,Belgium,2016,2.0999999
286,Belgium,2017,2.0
332,Bulgaria,1970,1.2
333,Bulgaria,1971,1.1
334,Bulgaria,1972,1.2
335,Bulgaria,1973,1.3
336,Bulgaria,1974,1.3
337,Bulgaria,1975,1.3
338,Bulgaria,1976,1.3
339,Bulgaria,1977,1.5
340,Bulgaria,1978,1.4
341,Bulgaria,1979,1.4
342,Bulgaria,1980,1.5
343,Bulgaria,1981,1.5
344,Bulgaria,1982,1.5
345,Bulgaria,1983,1.6
346,Bulgaria,1984,1.5
347,Bulgaria,1985,1.6
348,Bulgaria,1986,1.1
349,Bulgaria,1987,1.3
350,Bulgaria,1988,1.4
351,Bulgaria,1989,1.4
352,Bulgaria,1990,1.3
353,Bulgaria,1991,1.3
354,Bulgaria,1992,1.1
355,Bulgaria,1993,0.89999998
356,Bulgaria,1994,0.89999998
357,Bulgaria,1995,1.3
358,Bulgaria,1996,1.2
359,Bulgaria,1997,1.1
360,Bulgaria,1998,1.3
361,Bulgaria,1999,1.2
362,Bulgaria,2000,1.3
363,Bulgaria,2001,1.3
364,Bulgaria,2002,1.3
365,Bulgaria,2003,1.5
366,Bulgaria,2004,1.9
367,Bulgaria,2005,1.9
368,Bulgaria,2006,2.0
369,Bulgaria,2007,2.2
370,Bulgaria,2008,1.9
371,Bulgaria,2009,1.6
372,Bulgaria,2010,1.5
373,Bulgaria,2011,1.4
374,Bulgaria,2012,1.6
375,Bulgaria,2013,1.5
376,Bulgaria,2014,1.5
377,Bulgaria,2015,1.5
378,Bulgaria,2016,1.5
379,Bulgaria,2017,1.5
380,Canada,1970,1.4
381,Canada,1980,2.5
382,Canada,1981,2.7
383,Canada,1982,2.8
384,Canada,1983,2.7
385,Canada,1984,2.5999999
386,Canada,1985,2.4000001
387,Canada,1986,3.0
388,Canada,1987,3.5999999
389,Canada,1988,3.0999999
390,Canada,1989,3.0
391,Canada,1990,2.8
392,Canada,1991,2.8
393,Canada,1992,2.8
394,Canada,1993,2.7
395,Canada,1994,2.7
396,Canada,1995,2.7
397,Canada,1996,2.4000001
398,Canada,1997,2.3
399,Canada,1998,2.3
400,Canada,1999,2.3
401,Canada,2000,2.3
402,Canada,2001,2.3
403,Canada,2002,2.2
404,Canada,2003,2.2
405,Canada,2004,2.2
406,Canada,2005,2.2
407,Canada,2006,2.3
408,Canada,2007,2.2
409,Canada,2008,2.0999999
466,Croatia,1970,1.2
467,Croatia,1971,1.2
468,Croatia,1972,1.3
469,Croatia,1973,1.3
470,Croatia,1974,1.4
471,Croatia,1975,1.3
472,Croatia,1976,1.3
473,Croatia,1977,1.2
474,Croatia,1978,1.3
475,Croatia,1979,1.1
476,Croatia,1980,1.2
477,Croatia,1981,1.2
478,Croatia,1982,1.2
479,Croatia,1983,1.1
480,Croatia,1984,1.1
481,Croatia,1985,1.1
482,Croatia,1986,1.3
483,Croatia,1987,1.2
484,Croatia,1988,1.2
485,Croatia,1989,1.1
486,Croatia,1990,1.1
487,Croatia,1991,1.0
488,Croatia,1992,0.80000001
489,Croatia,1993,1.0
490,Croatia,1994,1.0
491,Croatia,1995,0.89999998
492,Croatia,1996,0.80000001
493,Croatia,1997,0.89999998
494,Croatia,1998,0.89999998
495,Croatia,1999,0.80000001
496,Croatia,2000,1.0
497,Croatia,2001,1.1
498,Croatia,2002,1.0
499,Croatia,2003,1.1
500,Croatia,2004,1.2
501,Croatia,2005,1.1
502,Croatia,2006,1.1
503,Croatia,2007,1.1
504,Croatia,2008,1.2
505,Croatia,2009,1.2
506,Croatia,2010,1.2
507,Croatia,2011,1.3
508,Croatia,2012,1.3
509,Croatia,2013,1.4
510,Croatia,2014,1.4
511,Croatia,2015,1.4
512,Croatia,2016,1.7
513,Croatia,2017,1.5
525,Cyprus,1970,0.2
526,Cyprus,1971,0.30000001
527,Cyprus,1972,0.2
528,Cyprus,1973,0.2
529,Cyprus,1974,0.2
530,Cyprus,1975,0.2
531,Cyprus,1976,0.2
532,Cyprus,1977,0.30000001
533,Cyprus,1978,0.30000001
534,Cyprus,1979,0.30000001
535,Cyprus,1980,0.30000001
536,Cyprus,1981,0.30000001
537,Cyprus,1982,0.40000001
538,Cyprus,1983,0.5
539,Cyprus,1984,0.5
540,Cyprus,1985,0.5
541,Cyprus,1986,0.5
542,Cyprus,1987,0.60000002
543,Cyprus,1988,0.60000002
544,Cyprus,1989,0.60000002
545,Cyprus,1990,0.60000002
546,Cyprus,1991,0.5
547,Cyprus,1992,0.69999999
548,Cyprus,1993,0.80000001
549,Cyprus,1994,0.89999998
550,Cyprus,1995,1.2
551,Cyprus,1996,1.1
552,Cyprus,1997,1.3
553,Cyprus,1998,1.3
554,Cyprus,1999,1.7
555,Cyprus,2000,1.7
556,Cyprus,2001,1.7
557,Cyprus,2002,1.9
558,Cyprus,2003,2.0
559,Cyprus,2004,2.2
560,Cyprus,2005,2.0
561,Cyprus,2006,2.3
562,Cyprus,2007,2.0999999
563,Cyprus,2008,2.0999999
564,Cyprus,2009,2.2
565,Cyprus,2010,2.3
566,Cyprus,2011,2.3
567,Cyprus,2012,2.4000001
568,Cyprus,2013,2.2
569,Cyprus,2014,2.2
570,Cyprus,2015,2.0999999
571,Cyprus,2016,2.3
572,Cyprus,2017,2.2
583,Czechia,1970,2.2
584,Czechia,1971,2.4000001
585,Czechia,1972,2.3
586,Czechia,1973,2.5
587,Czechia,1974,2.5
588,Czechia,1975,2.5999999
589,Czechia,1976,2.5
590,Czechia,1977,2.5
591,Czechia,1978,2.5999999
592,Czechia,1979,2.5
593,Czechia,1980,2.5999999
594,Czechia,1981,2.7
595,Czechia,1982,2.7
596,Czechia,1983,2.8
597,Czechia,1984,3.0
598,Czechia,1985,2.9000001
599,Czechia,1986,2.9000001
600,Czechia,1987,3.0
601,Czechia,1988,3.0
602,Czechia,1989,3.0
603,Czechia,1990,3.0999999
604,Czechia,1991,2.8
605,Czechia,1992,2.8
606,Czechia,1993,2.9000001
607,Czechia,1994,3.0
608,Czechia,1995,3.0
609,Czechia,1996,3.2
610,Czechia,1997,3.2
611,Czechia,1998,3.0999999
612,Czechia,1999,2.3
613,Czechia,2000,2.9000001
614,Czechia,2001,3.0999999
615,Czechia,2002,3.0999999
616,Czechia,2003,3.8
617,Czechia,2004,3.2
618,Czechia,2005,3.0999999
619,Czechia,2006,3.0999999
620,Czechia,2007,3.0
621,Czechia,2008,3.0
622,Czechia,2009,2.8
623,Czechia,2010,2.9000001
624,Czechia,2011,2.7
625,Czechia,2012,2.5
626,Czechia,2013,2.7
627,Czechia,2014,2.5
628,Czechia,2015,2.5
629,Czechia,2016,2.4000001
630,Czechia,2017,2.4000001
641,Denmark,1970,1.9
642,Denmark,1971,2.7
643,Denmark,1972,2.5999999
644,Denmark,1973,2.5
645,Denmark,1974,2.5999999
646,Denmark,1975,2.5999999
647,Denmark,1976,2.5999999
648,Denmark,1977,2.5999999
649,Denmark,1978,2.5999999
650,Denmark,1979,2.5
651,Denmark,1980,2.7
652,Denmark,1981,2.8
653,Denmark,1982,2.9000001
654,Denmark,1983,2.9000001
655,Denmark,1984,2.8
656,Denmark,1985,2.8
657,Denmark,1986,2.8
658,Denmark,1987,2.8
659,Denmark,1988,2.9000001
660,Denmark,1989,3.0
661,Denmark,1990,2.7
662,Denmark,1991,2.5
663,Denmark,1992,2.5
664,Denmark,1993,2.5
665,Denmark,1994,2.5999999
666,Denmark,1995,2.5
667,Denmark,1996,2.4000001
668,Denmark,1997,2.4000001
669,Denmark,1998,2.5
670,Denmark,1999,2.5
671,Denmark,2000,2.7
672,Denmark,2001,2.7
673,Denmark,2002,2.8
674,Denmark,2003,2.9000001
675,Denmark,2004,2.9000001
676,Denmark,2005,2.8
677,Denmark,2006,2.5999999
678,Denmark,2007,2.5999999
679,Denmark,2008,2.7
680,Denmark,2009,2.7
681,Denmark,2010,2.5999999
682,Denmark,2011,2.5999999
683,Denmark,2012,2.8
684,Denmark,2013,3.4000001
685,Denmark,2014,3.4000001
686,Denmark,2015,2.9000001
687,Denmark,2016,3.0
688,Denmark,2017,2.5999999
726,Estonia,1970,3.2
727,Estonia,1971,3.2
728,Estonia,1972,3.3
729,Estonia,1973,3.2
730,Estonia,1974,3.3
731,Estonia,1975,3.4000001
732,Estonia,1976,3.5999999
733,Estonia,1977,3.9000001
734,Estonia,1978,3.8
735,Estonia,1979,4.0999999
736,Estonia,1980,4.0999999
737,Estonia,1981,4.0999999
738,Estonia,1982,3.9000001
739,Estonia,1983,4.1999998
740,Estonia,1984,4.0999999
741,Estonia,1985,4.0
742,Estonia,1986,3.9000001
743,Estonia,1987,3.9000001
744,Estonia,1988,3.8
745,Estonia,1989,3.8
746,Estonia,1990,3.7
747,Estonia,1991,3.7
748,Estonia,1992,4.3000002
749,Estonia,1993,3.9000001
750,Estonia,1994,3.8
751,Estonia,1995,5.1999998
752,Estonia,1996,4.0
753,Estonia,1997,3.8
754,Estonia,1998,3.2
755,Estonia,1999,3.3
756,Estonia,2000,3.0
757,Estonia,2001,3.0999999
758,Estonia,2002,3.0
759,Estonia,2003,2.9000001
760,Estonia,2004,3.0999999
761,Estonia,2005,3.0
762,Estonia,2006,2.8
763,Estonia,2007,2.8
764,Estonia,2008,2.5999999
765,Estonia,2009,2.4000001
766,Estonia,2010,2.2
767,Estonia,2011,2.3
768,Estonia,2012,2.4000001
769,Estonia,2013,2.5
770,Estonia,2014,2.4000001
771,Estonia,2015,2.5999999
772,Estonia,2016,2.5
773,Estonia,2017,2.5
780,European Union (28 countries),1970,0.89999998
781,European Union (28 countries),1971,1.0
782,European Union (28 countries),1972,1.2
783,European Union (28 countries),1973,1.2
784,European Union (28 countries),1974,1.3
785,European Union (28 countries),1975,1.4
786,European Union (28 countries),1976,1.4
787,European Union (28 countries),1977,1.3
788,European Union (28 countries),1978,1.3
789,European Union (28 countries),1979,1.4
790,European Union (28 countries),1980,1.5
791,European Union (28 countries),1981,1.5
792,European Union (28 countries),1982,1.6
793,European Union (28 countries),1983,1.7
794,European Union (28 countries),1984,1.7
795,European Union (28 countries),1985,1.7
796,European Union (28 countries),1986,1.7
797,European Union (28 countries),1987,1.7
798,European Union (28 countries),1988,1.7
799,European Union (28 countries),1989,1.7
800,European Union (28 countries),1990,1.6
801,European Union (28 countries),1991,1.6
802,European Union (28 countries),1992,1.6
803,European Union (28 countries),1993,1.6
804,European Union (28 countries),1994,1.7
805,European Union (28 countries),1995,1.8
806,European Union (28 countries),1996,1.8
807,European Union (28 countries),1997,1.8
808,European Union (28 countries),1998,1.8
809,European Union (28 countries),1999,1.8
810,European Union (28 countries),2000,1.8
811,European Union (28 countries),2001,1.8
812,European Union (28 countries),2002,1.9
813,European Union (28 countries),2003,2.0
814,European Union (28 countries),2004,2.0
815,European Union (28 countries),2005,2.0999999
816,European Union (28 countries),2006,2.0999999
817,European Union (28 countries),2007,2.0999999
818,European Union (28 countries),2008,2.0
819,European Union (28 countries),2009,1.9
820,European Union (28 countries),2010,2.0
821,European Union (28 countries),2011,2.0
822,European Union (28 countries),2012,1.9
823,European Union (28 countries),2013,1.9
824,European Union (28 countries),2014,1.8
825,European Union (28 countries),2015,1.9
845,Finland,1970,1.3
846,Finland,1971,1.6
847,Finland,1972,1.8
848,Finland,1973,1.9
849,Finland,1974,2.0999999
850,Finland,1975,2.0
851,Finland,1976,2.0999999
852,Finland,1977,2.0999999
853,Finland,1978,2.2
854,Finland,1979,2.0999999
855,Finland,1980,2.0
856,Finland,1981,2.0
857,Finland,1982,2.0
858,Finland,1983,2.0
859,Finland,1984,2.0
860,Finland,1985,1.8
861,Finland,1986,2.0
862,Finland,1987,2.0
863,Finland,1988,2.5
864,Finland,1989,2.9000001
865,Finland,1990,2.5999999
866,Finland,1991,2.5999999
867,Finland,1992,2.5999999
868,Finland,1993,2.5
869,Finland,1994,2.7
870,Finland,1995,2.7
871,Finland,1996,2.7
872,Finland,1997,2.5999999
873,Finland,1998,2.7
874,Finland,1999,2.7
875,Finland,2000,2.7
876,Finland,2001,2.5999999
877,Finland,2002,2.5999999
878,Finland,2003,2.5999999
879,Finland,2004,2.5
880,Finland,2005,2.5999999
881,Finland,2006,2.5
882,Finland,2007,2.5
883,Finland,2008,2.5
884,Finland,2009,2.5
885,Finland,2010,2.5
886,Finland,2011,2.5
887,Finland,2012,2.4000001
888,Finland,2013,2.5
889,Finland,2014,2.5
890,Finland,2015,2.5
891,Finland,2016,2.5
892,Finland,2017,2.4000001
893,France,1970,0.80000001
894,France,1985,2.0
895,France,1995,2.0999999
896,France,1996,2.0
897,France,1997,2.0
898,France,1998,2.0
899,France,1999,2.0
900,France,2000,1.9
901,France,2001,1.9
902,France,2002,1.9
903,France,2003,2.0999999
904,France,2004,2.2
905,France,2005,2.5
906,France,2006,2.2
907,France,2007,2.0999999
908,France,2008,2.0999999
909,France,2009,2.0
910,France,2010,2.0999999
911,France,2011,2.0
912,France,2012,2.0
913,France,2013,1.9
914,France,2014,1.9
915,France,2015,1.9
916,France,2016,1.9
927,France (metropolitan),1970,0.80000001
928,France (metropolitan),1971,0.89999998
929,France (metropolitan),1972,1.0
930,France (metropolitan),1973,1.0
931,France (metropolitan),1974,1.1
932,France (metropolitan),1975,1.2
933,France (metropolitan),1976,1.1
934,France (metropolitan),1977,1.4
935,France (metropolitan),1978,1.5
936,France (metropolitan),1979,1.5
937,France (metropolitan),1980,1.5
938,France (metropolitan),1981,1.6
939,France (metropolitan),1982,1.7
940,France (metropolitan),1983,1.8
941,France (metropolitan),1984,1.9
942,France (metropolitan),1985,1.9
943,France (metropolitan),1986,2.0
944,France (metropolitan),1987,1.9
945,France (metropolitan),1988,1.9
946,France (metropolitan),1989,1.9
947,France (metropolitan),1990,1.9
948,France (metropolitan),1991,1.9
949,France (metropolitan),1992,1.9
950,France (metropolitan),1993,1.9
951,France (metropolitan),1994,2.0
952,France (metropolitan),1995,2.0999999
953,France (metropolitan),1996,2.0
954,France (metropolitan),1997,2.0
955,France (metropolitan),1998,2.0
956,France (metropolitan),1999,2.0
957,France (metropolitan),2000,1.9
958,France (metropolitan),2001,1.9
959,France (metropolitan),2002,1.9
960,France (metropolitan),2003,2.0999999
961,France (metropolitan),2004,2.2
962,France (metropolitan),2005,2.5
963,France (metropolitan),2006,2.2
964,France (metropolitan),2007,2.0999999
965,France (metropolitan),2008,2.0999999
966,France (metropolitan),2010,2.0999999
967,France (metropolitan),2011,2.0999999
998,Germany,1970,1.3
999,Germany,1971,1.4
1000,Germany,1972,1.5
1001,Germany,1973,1.6
1002,Germany,1974,1.8
1003,Germany,1975,1.9
1004,Germany,1976,2.0
1005,Germany,1977,1.5
1006,Germany,1978,1.0
1007,Germany,1979,1.6
1008,Germany,1980,1.8
1009,Germany,1981,2.0
1010,Germany,1982,2.0999999
1011,Germany,1983,2.2
1012,Germany,1984,2.3
1013,Germany,1985,2.3
1014,Germany,1986,2.3
1015,Germany,1987,2.3
1016,Germany,1988,2.3
1017,Germany,1989,2.2
1018,Germany,1990,1.9
1019,Germany,1991,1.7
1020,Germany,1992,1.7
1021,Germany,1993,1.9
1022,Germany,1994,2.0
1023,Germany,1995,2.0999999
1024,Germany,1996,2.0999999
1025,Germany,1997,2.3
1026,Germany,1998,2.3
1027,Germany,1999,2.3
1028,Germany,2000,2.4000001
1029,Germany,2001,2.4000001
1030,Germany,2002,2.5
1031,Germany,2003,2.5999999
1032,Germany,2004,2.5999999
1033,Germany,2005,2.4000001
1034,Germany,2006,2.3
1035,Germany,2007,2.3
1036,Germany,2008,2.3
1037,Germany,2009,2.3
1038,Germany,2010,2.3
1039,Germany,2011,2.3
1040,Germany,2012,2.2
1041,Germany,2013,2.0999999
1042,Germany,2014,2.0999999
1043,Germany,2015,2.0
1044,Germany,2016,2.0
1045,Germany,2017,1.9
1061,Greece,1970,0.40000001
1062,Greece,1971,0.40000001
1063,Greece,1972,0.40000001
1064,Greece,1973,0.5
1065,Greece,1974,0.40000001
1066,Greece,1975,0.40000001
1067,Greece,1976,0.40000001
1068,Greece,1977,0.5
1069,Greece,1978,0.5
1070,Greece,1979,0.5
1071,Greece,1980,0.69999999
1072,Greece,1981,0.69999999
1073,Greece,1982,0.60000002
1074,Greece,1983,0.60000002
1075,Greece,1984,0.89999998
1076,Greece,1985,0.80000001
1077,Greece,1986,0.89999998
1078,Greece,1987,0.89999998
1079,Greece,1988,0.80000001
1080,Greece,1989,0.60000002
1081,Greece,1990,0.60000002
1082,Greece,1991,0.60000002
1083,Greece,1992,0.60000002
1084,Greece,1993,0.69999999
1085,Greece,1994,0.69999999
1086,Greece,1995,1.0
1087,Greece,1996,0.89999998
1088,Greece,1997,0.89999998
1089,Greece,1998,0.69999999
1090,Greece,1999,0.89999998
1091,Greece,2000,1.0
1092,Greece,2001,1.0
1093,Greece,2002,1.0
1094,Greece,2003,1.1
1095,Greece,2004,1.1
1096,Greece,2005,1.2
1097,Greece,2006,1.2
1098,Greece,2007,1.2
1099,Greece,2008,1.2
1100,Greece,2009,1.2
1101,Greece,2010,1.2
1102,Greece,2011,1.1
1103,Greece,2012,1.3
1104,Greece,2013,1.5
1105,Greece,2014,1.3
1106,Greece,2015,1.4
1107,Greece,2016,1.0
1108,Greece,2017,1.8
1151,Hungary,1970,2.2
1152,Hungary,1971,2.3
1153,Hungary,1972,2.3
1154,Hungary,1973,2.4000001
1155,Hungary,1974,2.3
1156,Hungary,1975,2.5
1157,Hungary,1976,2.5999999
1158,Hungary,1977,2.5999999
1159,Hungary,1978,2.7
1160,Hungary,1979,2.5999999
1161,Hungary,1980,2.5999999
1162,Hungary,1981,2.5999999
1163,Hungary,1982,2.7
1164,Hungary,1983,2.7
1165,Hungary,1984,2.7
1166,Hungary,1985,2.8
1167,Hungary,1986,2.8
1168,Hungary,1987,2.8
1169,Hungary,1988,2.3
1170,Hungary,1989,2.4000001
1171,Hungary,1990,2.4000001
1172,Hungary,1991,2.4000001
1173,Hungary,1992,2.0999999
1174,Hungary,1993,2.2
1175,Hungary,1994,2.3
1176,Hungary,1995,2.4000001
1177,Hungary,1996,2.2
1178,Hungary,1997,2.4000001
1179,Hungary,1998,2.5
1180,Hungary,1999,2.5
1181,Hungary,2000,2.3
1182,Hungary,2001,2.4000001
1183,Hungary,2002,2.5
1184,Hungary,2003,2.5
1185,Hungary,2004,2.4000001
1186,Hungary,2005,2.5
1187,Hungary,2006,2.5
1188,Hungary,2007,2.5
1189,Hungary,2008,2.5
1190,Hungary,2009,2.4000001
1191,Hungary,2010,2.4000001
1192,Hungary,2011,2.3
1193,Hungary,2012,2.2
1194,Hungary,2013,2.0
1195,Hungary,2014,2.0
1196,Hungary,2015,2.0999999
1197,Hungary,2016,2.0
1198,Hungary,2017,1.9
1209,Iceland,1970,1.2
1210,Iceland,1971,1.5
1211,Iceland,1972,1.5
1212,Iceland,1973,1.6
1213,Iceland,1974,1.7
1214,Iceland,1975,1.8
1215,Iceland,1976,1.7
1216,Iceland,1977,1.8
1217,Iceland,1978,1.8
1218,Iceland,1979,1.7
1219,Iceland,1980,1.9
1220,Iceland,1981,2.0
1221,Iceland,1982,1.8
1222,Iceland,1983,2.0999999
1223,Iceland,1984,1.9
1224,Iceland,1985,2.2
1225,Iceland,1986,2.0
1226,Iceland,1987,1.9
1227,Iceland,1988,1.8
1228,Iceland,1989,2.0999999
1229,Iceland,1990,1.9
1230,Iceland,1991,2.0999999
1231,Iceland,1992,2.0
1232,Iceland,1993,2.0
1233,Iceland,1994,1.8
1234,Iceland,1995,1.8
1235,Iceland,1996,2.0
1236,Iceland,1997,1.9
1237,Iceland,1998,1.8
1238,Iceland,1999,1.7
1239,Iceland,2000,1.9
1240,Iceland,2001,1.9
1241,Iceland,2002,1.8
1242,Iceland,2003,1.8
1243,Iceland,2004,1.9
1244,Iceland,2005,1.9
1245,Iceland,2006,1.6
1246,Iceland,2007,1.7
1247,Iceland,2008,1.7
1248,Iceland,2009,1.7
1249,Iceland,2010,1.8
1250,Iceland,2011,1.6
1289,Israel,1970,0.80000001
1290,Israel,1985,1.2
1291,Israel,1986,1.2
1292,Israel,1987,1.2
1293,Israel,1988,1.3
1294,Israel,1989,1.3
1295,Israel,1990,1.4
1296,Israel,1991,1.3
1297,Israel,1992,1.4
1298,Israel,1993,1.4
1299,Israel,1994,1.5
1300,Israel,1995,1.6
1301,Israel,1996,1.5
1302,Israel,1997,1.6
1303,Israel,1998,1.7
1304,Israel,1999,1.7
1305,Israel,2000,1.8
1306,Israel,2001,1.8
1307,Israel,2002,1.7
1308,Israel,2003,1.7
1309,Israel,2004,1.6
1310,Israel,2005,1.6
1311,Israel,2006,1.9
1312,Israel,2007,1.8
1313,Israel,2008,1.8
1314,Israel,2009,1.8
1315,Israel,2010,1.7
1316,Israel,2011,1.7
1317,Israel,2012,1.7
1318,Israel,2013,1.8
1319,Israel,2014,1.8
1320,Israel,2015,1.7
1321,Israel,2016,1.7
1322,Italy,1971,0.30000001
1323,Italy,1972,0.60000002
1324,Italy,1973,0.30000001
1325,Italy,1974,0.30000001
1326,Italy,1975,0.2
1327,Italy,1976,0.2
1328,Italy,1977,0.2
1329,Italy,1978,0.2
1330,Italy,1979,0.2
1331,Italy,1980,0.2
1332,Italy,1981,0.2
1333,Italy,1982,0.30000001
1334,Italy,1983,0.2
1335,Italy,1984,0.30000001
1336,Italy,1985,0.30000001
1337,Italy,1986,0.30000001
1338,Italy,1987,0.5
1339,Italy,1988,0.5
1340,Italy,1989,0.5
1341,Italy,1990,0.5
1342,Italy,1991,0.5
1343,Italy,1992,0.5
1344,Italy,1993,0.40000001
1345,Italy,1994,0.5
1346,Italy,1995,0.5
1347,Italy,1996,0.60000002
1348,Italy,1997,0.60000002
1349,Italy,1998,0.60000002
1350,Italy,1999,0.60000002
1351,Italy,2000,0.69999999
1352,Italy,2001,0.69999999
1353,Italy,2002,0.69999999
1354,Italy,2003,0.80000001
1355,Italy,2004,0.80000001
1356,Italy,2005,0.80000001
1357,Italy,2006,0.89999998
1358,Italy,2007,0.89999998
1359,Italy,2008,0.89999998
1360,Italy,2009,0.89999998
1361,Italy,2010,0.89999998
1362,Italy,2011,0.89999998
1363,Italy,2012,0.89999998
1364,Italy,2013,0.89999998
1365,Italy,2014,0.89999998
1366,Italy,2015,1.4
1367,Italy,2016,1.6
1368,Italy,2017,1.5
1382,Japan,1970,0.89999998
1383,Japan,1971,1.0
1384,Japan,1972,1.0
1385,Japan,1973,1.0
1386,Japan,1974,1.0
1387,Japan,1975,1.1
1388,Japan,1976,1.1
1389,Japan,1977,1.1
1390,Japan,1978,1.2
1391,Japan,1979,1.2
1392,Japan,1980,1.2
1393,Japan,1981,1.3
1394,Japan,1982,1.4
1395,Japan,1983,1.5
1396,Japan,1984,1.5
1397,Japan,1985,1.4
1398,Japan,1986,1.4
1399,Japan,1987,1.3
1400,Japan,1988,1.3
1401,Japan,1989,1.3
1402,Japan,1990,1.3
1403,Japan,1991,1.4
1404,Japan,1992,1.5
1405,Japan,1993,1.5
1406,Japan,1994,1.6
1407,Japan,1995,1.6
1408,Japan,1996,1.7
1409,Japan,1997,1.8
1410,Japan,1998,1.9
1411,Japan,1999,2.0
1412,Japan,2000,2.0999999
1413,Japan,2001,2.3
1414,Japan,2002,2.3
1415,Japan,2003,2.3
1416,Japan,2004,2.2
1417,Japan,2005,2.0999999
1418,Japan,2006,2.0
1419,Japan,2007,2.0
1420,Japan,2008,2.0
1421,Japan,2009,2.0
1422,Japan,2010,2.0
1423,Japan,2011,1.9
1424,Japan,2012,1.9
1425,Japan,2013,1.8
1426,Japan,2014,1.8
1427,Japan,2015,1.8
1428,Japan,2016,1.7
1429,Japan,2017,1.7
1471,Latvia,1970,4.5999999
1472,Latvia,1971,4.5999999
1473,Latvia,1972,4.5
1474,Latvia,1973,4.8000002
1475,Latvia,1974,4.9000001
1476,Latvia,1975,4.8000002
1477,Latvia,1976,5.0
1478,Latvia,1977,5.0999999
1479,Latvia,1978,5.0999999
1480,Latvia,1979,5.5
1481,Latvia,1980,5.0
1482,Latvia,1981,4.9000001
1483,Latvia,1982,4.8000002
1484,Latvia,1983,4.9000001
1485,Latvia,1984,4.6999998
1486,Latvia,1985,4.5
1487,Latvia,1986,4.3000002
1488,Latvia,1987,4.0999999
1489,Latvia,1988,4.0999999
1490,Latvia,1989,4.1999998
1491,Latvia,1990,4.0
1492,Latvia,1991,4.1999998
1493,Latvia,1992,5.5999999
1494,Latvia,1993,4.0
1495,Latvia,1994,3.3
1496,Latvia,1995,3.0999999
1497,Latvia,1996,2.5
1498,Latvia,1997,2.5
1499,Latvia,1998,2.5999999
1500,Latvia,1999,2.5
1501,Latvia,2000,2.5999999
1502,Latvia,2001,2.5
1503,Latvia,2002,2.5999999
1504,Latvia,2003,2.0999999
1505,Latvia,2004,2.3
1506,Latvia,2005,2.8
1507,Latvia,2006,3.3
1508,Latvia,2007,3.4000001
1509,Latvia,2008,2.9000001
1510,Latvia,2009,2.4000001
1511,Latvia,2010,2.4000001
1512,Latvia,2011,4.0
1513,Latvia,2012,3.5999999
1514,Latvia,2013,3.5
1515,Latvia,2014,3.0999999
1516,Latvia,2015,2.5999999
1517,Latvia,2016,3.0999999
1518,Latvia,2017,3.0999999
1555,Lithuania,1970,2.2
1556,Lithuania,1971,2.2
1557,Lithuania,1972,2.3
1558,Lithuania,1973,2.5
1559,Lithuania,1974,2.5
1560,Lithuania,1975,2.7
1561,Lithuania,1976,2.9000001
1562,Lithuania,1977,3.0999999
1563,Lithuania,1978,3.0
1564,Lithuania,1979,3.2
1565,Lithuania,1980,3.2
1566,Lithuania,1981,3.2
1567,Lithuania,1982,3.0999999
1568,Lithuania,1983,3.2
1569,Lithuania,1984,3.2
1570,Lithuania,1985,3.2
1571,Lithuania,1986,3.3
1572,Lithuania,1987,3.2
1573,Lithuania,1988,3.2
1574,Lithuania,1989,3.3
1575,Lithuania,1990,3.4000001
1576,Lithuania,1991,4.0999999
1577,Lithuania,1992,3.8
1578,Lithuania,1993,3.8
1579,Lithuania,1994,3.0
1580,Lithuania,1995,2.8
1581,Lithuania,1996,3.0999999
1582,Lithuania,1997,3.2
1583,Lithuania,1998,3.3
1584,Lithuania,1999,3.2
1585,Lithuania,2000,3.0999999
1586,Lithuania,2001,3.2
1587,Lithuania,2002,3.0999999
1588,Lithuania,2003,3.0999999
1589,Lithuania,2004,3.3
1590,Lithuania,2005,3.3
1591,Lithuania,2006,3.4000001
1592,Lithuania,2007,3.5
1593,Lithuania,2008,3.2
1594,Lithuania,2009,2.9000001
1595,Lithuania,2010,3.2
1596,Lithuania,2011,3.4000001
1597,Lithuania,2012,3.5
1598,Lithuania,2013,3.4000001
1599,Lithuania,2014,3.3
1600,Lithuania,2015,3.2
1601,Lithuania,2016,3.0999999
1602,Lithuania,2017,3.0
1613,Luxembourg,1970,0.60000002
1614,Luxembourg,1971,0.69999999
1615,Luxembourg,1972,0.80000001
1616,Luxembourg,1973,0.80000001
1617,Luxembourg,1974,0.80000001
1618,Luxembourg,1975,0.60000002
1619,Luxembourg,1976,1.0
1620,Luxembourg,1977,1.1
1621,Luxembourg,1978,1.5
1622,Luxembourg,1979,1.2
1623,Luxembourg,1980,1.6
1624,Luxembourg,1981,1.4
1625,Luxembourg,1982,1.7
1626,Luxembourg,1983,1.6
1627,Luxembourg,1984,1.7
1628,Luxembourg,1985,1.8
1629,Luxembourg,1986,1.8
1630,Luxembourg,1987,2.0
1631,Luxembourg,1988,2.0999999
1632,Luxembourg,1989,2.3
1633,Luxembourg,1990,2.0
1634,Luxembourg,1991,2.0
1635,Luxembourg,1992,1.8
1636,Luxembourg,1993,1.9
1637,Luxembourg,1994,1.7
1638,Luxembourg,1995,1.8
1639,Luxembourg,1996,2.0
1640,Luxembourg,1997,2.4000001
1641,Luxembourg,1998,2.4000001
1642,Luxembourg,1999,2.4000001
1643,Luxembourg,2000,2.4000001
1644,Luxembourg,2001,2.3
1645,Luxembourg,2002,2.4000001
1646,Luxembourg,2003,2.3
1647,Luxembourg,2004,2.3
1648,Luxembourg,2005,2.2
1649,Luxembourg,2006,2.5
1650,Luxembourg,2007,2.3
1651,Luxembourg,2008,2.0
1652,Luxembourg,2009,2.0999999
1653,Luxembourg,2010,2.0999999
1654,Luxembourg,2011,2.3
1655,Luxembourg,2012,2.0
1656,Luxembourg,2013,2.0999999
1657,Luxembourg,2014,2.5999999
1658,Luxembourg,2015,2.4000001
1659,Luxembourg,2016,2.0999999
1660,Luxembourg,2017,2.0
1688,Mexico,1970,0.60000002
1689,Mexico,1985,0.40000001
1690,Mexico,1992,0.60000002
1691,Mexico,1993,0.40000001
1692,Mexico,1994,0.40000001
1693,Mexico,1995,0.40000001
1694,Mexico,1996,0.40000001
1695,Mexico,1997,0.40000001
1696,Mexico,1998,0.5
1697,Mexico,1999,0.5
1698,Mexico,2000,0.5
1699,Mexico,2001,0.60000002
1700,Mexico,2002,0.60000002
1701,Mexico,2003,0.60000002
1702,Mexico,2004,0.69999999
1703,Mexico,2005,0.69999999
1704,Mexico,2006,0.69999999
1705,Mexico,2007,0.69999999
1706,Mexico,2008,0.80000001
1707,Mexico,2009,0.80000001
1708,Mexico,2010,0.80000001
1709,Mexico,2011,0.80000001
1710,Mexico,2012,0.89999998
1711,Mexico,2013,0.89999998
1712,Mexico,2014,0.89999998
1713,Mexico,2015,1.0
1714,Mexico,2016,1.1
1764,Netherlands,1970,0.80000001
1765,Netherlands,1971,0.89999998
1766,Netherlands,1972,1.1
1767,Netherlands,1973,1.3
1768,Netherlands,1974,1.4
1769,Netherlands,1975,1.5
1770,Netherlands,1976,1.5
1771,Netherlands,1977,1.6
1772,Netherlands,1978,1.6
1773,Netherlands,1979,1.7
1774,Netherlands,1980,1.8
1775,Netherlands,1981,2.0
1776,Netherlands,1982,2.2
1777,Netherlands,1983,2.3
1778,Netherlands,1984,2.4000001
1779,Netherlands,1985,2.3
1780,Netherlands,1986,2.0
1781,Netherlands,1987,1.9
1782,Netherlands,1988,1.9
1783,Netherlands,1989,1.9
1784,Netherlands,1990,1.9
1785,Netherlands,1991,1.9
1786,Netherlands,1992,2.0
1787,Netherlands,1993,2.0
1788,Netherlands,1994,2.4000001
1789,Netherlands,1995,2.2
1790,Netherlands,1996,2.2
1791,Netherlands,1997,2.2
1792,Netherlands,1998,2.0999999
1793,Netherlands,1999,2.0999999
1794,Netherlands,2000,2.2
1795,Netherlands,2001,2.3
1796,Netherlands,2002,2.0999999
1797,Netherlands,2003,1.9
1798,Netherlands,2004,1.9
1799,Netherlands,2005,2.0
1800,Netherlands,2006,1.9
1801,Netherlands,2007,2.0
1802,Netherlands,2008,2.0
1803,Netherlands,2009,1.9
1804,Netherlands,2010,2.0
1805,Netherlands,2011,2.0
1806,Netherlands,2012,2.0999999
1807,Netherlands,2013,2.0
1808,Netherlands,2014,2.0999999
1809,Netherlands,2015,2.0
1810,Netherlands,2016,2.0
1811,Netherlands,2017,1.9
1822,New Zealand,1970,1.1
1823,New Zealand,1985,2.5999999
1824,New Zealand,1992,2.7
1825,New Zealand,1995,2.5999999
1826,New Zealand,1996,2.7
1827,New Zealand,1997,2.5999999
1828,New Zealand,1998,2.5999999
1829,New Zealand,1999,2.5999999
1830,New Zealand,2000,2.5
1831,New Zealand,2001,2.5
1832,New Zealand,2002,2.5999999
1833,New Zealand,2003,2.5999999
1834,New Zealand,2004,2.5999999
1835,New Zealand,2005,2.4000001
1836,New Zealand,2006,2.4000001
1837,New Zealand,2007,2.3
1838,New Zealand,2008,2.3
1839,New Zealand,2009,2.0
1840,New Zealand,2010,2.0
1841,New Zealand,2011,1.9
1842,New Zealand,2012,2.0
1843,New Zealand,2013,1.9
1844,New Zealand,2014,1.8
1845,New Zealand,2015,1.9
1846,New Zealand,2016,1.7
1869,North Macedonia,1970,0.30000001
1870,North Macedonia,1971,0.30000001
1871,North Macedonia,1972,0.30000001
1872,North Macedonia,1973,0.60000002
1873,North Macedonia,1974,0.60000002
1874,North Macedonia,1975,0.69999999
1875,North Macedonia,1976,0.60000002
1876,North Macedonia,1977,0.5
1877,North Macedonia,1978,0.40000001
1878,North Macedonia,1979,0.40000001
1879,North Macedonia,1980,0.5
1880,North Macedonia,1981,0.5
1881,North Macedonia,1982,0.5
1882,North Macedonia,1983,0.40000001
1883,North Macedonia,1984,0.40000001
1884,North Macedonia,1985,0.40000001
1885,North Macedonia,1986,0.5
1886,North Macedonia,1987,0.40000001
1887,North Macedonia,1988,0.40000001
1888,North Macedonia,1989,0.5
1889,North Macedonia,1990,0.40000001
1890,North Macedonia,1991,0.30000001
1891,North Macedonia,1992,0.30000001
1892,North Macedonia,1993,0.30000001
1893,North Macedonia,1994,0.30000001
1894,North Macedonia,1995,0.40000001
1895,North Macedonia,1996,0.40000001
1896,North Macedonia,1997,0.5
1897,North Macedonia,1998,0.5
1898,North Macedonia,1999,0.5
1899,North Macedonia,2000,0.69999999
1900,North Macedonia,2001,0.69999999
1901,North Macedonia,2002,0.60000002
1902,North Macedonia,2003,0.69999999
1903,North Macedonia,2004,0.80000001
1904,North Macedonia,2005,0.80000001
1905,North Macedonia,2006,0.69999999
1906,North Macedonia,2007,0.69999999
1907,North Macedonia,2008,0.60000002
1908,North Macedonia,2009,0.60000002
1909,North Macedonia,2010,0.80000001
1910,North Macedonia,2011,0.89999998
1911,North Macedonia,2012,0.89999998
1912,North Macedonia,2013,1.0
1913,North Macedonia,2014,1.1
1914,North Macedonia,2015,1.0
1915,North Macedonia,2016,1.0
1916,North Macedonia,2017,1.0
1930,Norway,1970,0.89999998
1931,Norway,1971,1.0
1932,Norway,1972,1.0
1933,Norway,1973,1.2
1934,Norway,1974,1.3
1935,Norway,1975,1.4
1936,Norway,1976,1.4
1937,Norway,1977,1.5
1938,Norway,1978,1.5
1939,Norway,1979,1.6
1940,Norway,1980,1.6
1941,Norway,1981,1.7
1942,Norway,1982,1.7
1943,Norway,1983,1.9
1944,Norway,1984,1.9
1945,Norway,1985,2.0
1946,Norway,1986,1.9
1947,Norway,1987,2.0
1948,Norway,1988,2.0999999
1949,Norway,1989,2.2
1950,Norway,1990,2.4000001
1951,Norway,1991,2.4000001
1952,Norway,1992,2.4000001
1953,Norway,1993,2.5
1954,Norway,1994,2.5
1955,Norway,1995,2.4000001
1956,Norway,1996,2.3
1957,Norway,1997,2.3
1958,Norway,1998,2.0999999
1959,Norway,1999,2.0
1960,Norway,2000,2.2
1961,Norway,2001,2.3
1962,Norway,2002,2.3
1963,Norway,2003,2.4000001
1964,Norway,2004,2.4000001
1965,Norway,2005,2.4000001
1966,Norway,2006,2.3
1967,Norway,2007,2.2
1968,Norway,2008,2.0999999
1969,Norway,2009,2.0999999
1970,Norway,2010,2.0999999
1971,Norway,2011,2.0999999
1972,Norway,2012,2.0
1973,Norway,2013,2.0
1974,Norway,2014,1.9
1975,Norway,2015,1.9
1976,Norway,2016,1.9
1977,Norway,2017,2.0
1999,Poland,1970,1.1
2000,Poland,1971,1.1
2001,Poland,1972,1.1
2002,Poland,1973,1.2
2003,Poland,1974,1.2
2004,Poland,1975,1.2
2005,Poland,1976,1.1
2006,Poland,1977,1.2
2007,Poland,1978,1.0
2008,Poland,1979,1.1
2009,Poland,1980,1.1
2010,Poland,1981,1.1
2011,Poland,1982,1.3
2012,Poland,1983,1.3
2013,Poland,1984,1.4
2014,Poland,1985,1.3
2015,Poland,1986,1.4
2016,Poland,1987,1.3
2017,Poland,1988,1.3
2018,Poland,1989,1.2
2019,Poland,1990,1.1
2020,Poland,1991,0.89999998
2021,Poland,1992,0.80000001
2022,Poland,1993,0.69999999
2023,Poland,1994,0.80000001
2024,Poland,1995,1.0
2025,Poland,1996,1.0
2026,Poland,1997,1.1
2027,Poland,1998,1.2
2028,Poland,1999,1.1
2029,Poland,2000,1.1
2030,Poland,2001,1.2
2031,Poland,2002,1.2
2032,Poland,2003,1.3
2033,Poland,2004,1.5
2034,Poland,2005,1.8
2035,Poland,2006,1.9
2036,Poland,2007,1.7
2037,Poland,2008,1.7
2038,Poland,2009,1.7
2039,Poland,2010,1.6
2040,Poland,2011,1.7
2041,Poland,2012,1.7
2042,Poland,2013,1.7
2043,Poland,2014,1.7
2044,Poland,2015,1.8
2045,Poland,2016,1.7
2046,Poland,2017,1.7
2057,Portugal,1970,0.1
2058,Portugal,1971,0.1
2059,Portugal,1972,0.1
2060,Portugal,1973,0.1
2061,Portugal,1974,0.1
2062,Portugal,1975,0.2
2063,Portugal,1976,0.5
2064,Portugal,1977,0.80000001
2065,Portugal,1978,0.69999999
2066,Portugal,1979,0.60000002
2067,Portugal,1980,0.60000002
2068,Portugal,1981,0.69999999
2069,Portugal,1982,0.69999999
2070,Portugal,1983,0.80000001
2071,Portugal,1984,0.69999999
2072,Portugal,1985,0.89999998
2073,Portugal,1986,0.80000001
2074,Portugal,1987,0.89999998
2075,Portugal,1988,0.89999998
2076,Portugal,1989,1.0
2077,Portugal,1990,0.89999998
2078,Portugal,1991,1.1
2079,Portugal,1992,1.2
2080,Portugal,1993,1.2
2081,Portugal,1994,1.4
2082,Portugal,1995,1.2
2083,Portugal,1996,1.3
2084,Portugal,1997,1.4
2085,Portugal,1998,1.5
2086,Portugal,1999,1.7
2087,Portugal,2000,1.9
2088,Portugal,2001,1.8
2089,Portugal,2002,2.7
2090,Portugal,2003,2.2
2091,Portugal,2004,2.2
2092,Portugal,2005,2.2
2093,Portugal,2006,2.3
2094,Portugal,2007,2.4000001
2095,Portugal,2008,2.5
2096,Portugal,2009,2.5
2097,Portugal,2010,2.5999999
2098,Portugal,2011,2.5
2099,Portugal,2012,2.4000001
2100,Portugal,2013,2.2
2101,Portugal,2014,2.0999999
2102,Portugal,2015,2.3
2103,Portugal,2016,2.2
2104,Portugal,2017,2.0999999
2129,Romania,1970,0.40000001
2130,Romania,1971,0.5
2131,Romania,1972,0.5
2132,Romania,1973,0.69999999
2133,Romania,1974,0.89999998
2134,Romania,1975,1.6
2135,Romania,1976,1.7
2136,Romania,1977,1.2
2137,Romania,1978,1.5
2138,Romania,1979,1.6
2139,Romania,1980,1.5
2140,Romania,1981,1.5
2141,Romania,1982,1.5
2142,Romania,1983,1.5
2143,Romania,1984,1.5
2144,Romania,1985,1.4
2145,Romania,1986,1.5
2146,Romania,1987,1.5
2147,Romania,1988,1.6
2148,Romania,1989,1.6
2149,Romania,1990,1.4
2150,Romania,1991,1.6
2151,Romania,1992,1.3
2152,Romania,1993,1.4
2153,Romania,1994,1.7
2154,Romania,1995,1.5
2155,Romania,1996,1.6
2156,Romania,1997,1.5
2157,Romania,1998,1.8
2158,Romania,1999,1.5
2159,Romania,2000,1.4
2160,Romania,2001,1.4
2161,Romania,2002,1.5
2162,Romania,2003,1.5
2163,Romania,2004,1.6
2164,Romania,2005,1.6
2165,Romania,2006,1.5
2166,Romania,2007,1.7
2167,Romania,2008,1.7
2168,Romania,2009,1.6
2169,Romania,2010,1.6
2170,Romania,2011,1.8
2171,Romania,2012,1.6
2172,Romania,2013,1.4
2173,Romania,2014,1.4
2174,Romania,2015,1.6
2175,Romania,2016,1.5
2176,Romania,2017,1.6
2253,Slovakia,1970,0.80000001
2254,Slovakia,1971,1.0
2255,Slovakia,1972,0.89999998
2256,Slovakia,1973,0.89999998
2257,Slovakia,1974,1.2
2258,Slovakia,1975,1.3
2259,Slovakia,1976,1.3
2260,Slovakia,1977,1.2
2261,Slovakia,1978,1.3
2262,Slovakia,1979,1.2
2263,Slovakia,1980,1.3
2264,Slovakia,1981,1.4
2265,Slovakia,1982,1.3
2266,Slovakia,1983,1.4
2267,Slovakia,1984,1.3
2268,Slovakia,1985,1.5
2269,Slovakia,1986,1.6
2270,Slovakia,1987,1.6
2271,Slovakia,1988,1.6
2272,Slovakia,1989,1.6
2273,Slovakia,1990,1.7
2274,Slovakia,1991,1.5
2275,Slovakia,1992,1.5
2276,Slovakia,1993,1.5
2277,Slovakia,1994,1.6
2278,Slovakia,1995,1.7
2279,Slovakia,1996,1.7
2280,Slovakia,1997,1.7
2281,Slovakia,1998,1.7
2282,Slovakia,1999,1.8
2283,Slovakia,2000,1.7
2284,Slovakia,2001,1.8
2285,Slovakia,2002,2.0
2286,Slovakia,2003,2.0
2287,Slovakia,2004,2.0
2288,Slovakia,2005,2.2
2289,Slovakia,2006,2.4000001
2290,Slovakia,2007,2.3
2291,Slovakia,2008,2.4000001
2292,Slovakia,2009,2.4000001
2293,Slovakia,2010,2.2
2294,Slovakia,2011,2.0999999
2295,Slovakia,2012,2.0
2296,Slovakia,2013,2.0
2297,Slovakia,2014,1.9
2298,Slovakia,2015,1.8
2299,Slovakia,2016,1.7
2300,Slovakia,2017,1.8
2311,Slovenia,1970,1.1
2312,Slovenia,1971,1.1
2313,Slovenia,1972,1.1
2314,Slovenia,1973,1.2
2315,Slovenia,1974,1.2
2316,Slovenia,1975,1.2
2317,Slovenia,1976,1.2
2318,Slovenia,1977,1.3
2319,Slovenia,1978,1.4
2320,Slovenia,1979,1.2
2321,Slovenia,1980,1.2
2322,Slovenia,1981,1.3
2323,Slovenia,1982,1.3
2324,Slovenia,1983,1.4
2325,Slovenia,1984,1.3
2326,Slovenia,1985,1.3
2327,Slovenia,1986,1.2
2328,Slovenia,1987,1.1
2329,Slovenia,1988,1.0
2330,Slovenia,1989,1.1
2331,Slovenia,1990,0.89999998
2332,Slovenia,1991,0.89999998
2333,Slovenia,1992,1.0
2334,Slovenia,1993,1.0
2335,Slovenia,1994,1.0
2336,Slovenia,1995,0.80000001
2337,Slovenia,1996,1.0
2338,Slovenia,1997,1.0
2339,Slovenia,1998,1.0
2340,Slovenia,1999,1.0
2341,Slovenia,2000,1.1
2342,Slovenia,2001,1.1
2343,Slovenia,2002,1.2
2344,Slovenia,2003,1.2
2345,Slovenia,2004,1.2
2346,Slovenia,2005,1.3
2347,Slovenia,2006,1.2
2348,Slovenia,2007,1.3
2349,Slovenia,2008,1.1
2350,Slovenia,2009,1.1
2351,Slovenia,2010,1.2
2352,Slovenia,2011,1.1
2353,Slovenia,2012,1.2
2354,Slovenia,2013,1.1
2355,Slovenia,2014,1.2
2356,Slovenia,2015,1.2
2357,Slovenia,2016,1.2
2358,Slovenia,2017,1.2
2362,South Korea,1970,0.40000001
2363,South Korea,1971,0.30000001
2364,South Korea,1972,0.40000001
2365,South Korea,1973,0.40000001
2366,South Korea,1974,0.40000001
2367,South Korea,1975,0.5
2368,South Korea,1976,0.5
2369,South Korea,1977,0.60000002
2370,South Korea,1978,0.5
2371,South Korea,1979,0.5
2372,South Korea,1980,0.60000002
2373,South Korea,1981,0.60000002
2374,South Korea,1982,0.69999999
2375,South Korea,1983,0.69999999
2376,South Korea,1984,0.89999998
2377,South Korea,1985,0.89999998
2378,South Korea,1986,0.89999998
2379,South Korea,1987,1.0
2380,South Korea,1988,1.0
2381,South Korea,1989,1.0
2382,South Korea,1990,1.1
2383,South Korea,1991,1.1
2384,South Korea,1992,1.2
2385,South Korea,1993,1.3
2386,South Korea,1994,1.4
2387,South Korea,1995,1.5
2388,South Korea,1996,1.7
2389,South Korea,1997,2.0
2390,South Korea,1998,2.5
2391,South Korea,1999,2.5
2392,South Korea,2000,2.5
2393,South Korea,2001,2.8
2394,South Korea,2002,3.0
2395,South Korea,2003,3.4000001
2396,South Korea,2004,2.9000001
2397,South Korea,2005,2.5999999
2398,South Korea,2006,2.5
2399,South Korea,2007,2.5
2400,South Korea,2008,2.4000001
2401,South Korea,2009,2.5
2402,South Korea,2010,2.3
2403,South Korea,2011,2.3
2404,South Korea,2012,2.3
2405,South Korea,2013,2.3
2406,South Korea,2014,2.3
2407,South Korea,2015,2.0999999
2408,South Korea,2016,2.0999999
2409,South Korea,2017,2.0999999
2410,Spain,1981,0.30000001
2411,Spain,1982,0.60000002
2412,Spain,1983,0.5
2413,Spain,1984,0.5
2414,Spain,1985,0.5
2415,Spain,1986,0.5
2416,Spain,1987,0.5
2417,Spain,1988,0.60000002
2418,Spain,1989,0.60000002
2419,Spain,1990,0.60000002
2420,Spain,1991,0.69999999
2421,Spain,1992,0.69999999
2422,Spain,1993,0.69999999
2423,Spain,1994,0.80000001
2424,Spain,1995,0.80000001
2425,Spain,1996,0.80000001
2426,Spain,1997,0.89999998
2427,Spain,1998,0.89999998
2428,Spain,1999,0.89999998
2429,Spain,2000,0.89999998
2430,Spain,2001,1.0
2431,Spain,2002,1.0
2432,Spain,2003,1.1
2433,Spain,2004,1.2
2434,Spain,2005,1.7
2435,Spain,2006,2.9000001
2436,Spain,2007,2.8
2437,Spain,2008,2.4000001
2438,Spain,2009,2.0999999
2439,Spain,2010,2.2
2440,Spain,2011,2.2
2441,Spain,2012,2.2
2442,Spain,2013,2.0
2443,Spain,2014,2.2
2444,Spain,2015,2.0999999
2445,Spain,2016,2.0999999
2446,Spain,2017,2.0999999
2465,Sweden,1970,1.6
2466,Sweden,1971,1.7
2467,Sweden,1972,1.9
2468,Sweden,1973,2.0
2469,Sweden,1974,3.3
2470,Sweden,1975,3.0999999
2471,Sweden,1976,2.5999999
2472,Sweden,1977,2.5
2473,Sweden,1978,2.5
2474,Sweden,1979,2.5
2475,Sweden,1980,2.4000001
2476,Sweden,1981,2.4000001
2477,Sweden,1982,2.5
2478,Sweden,1983,2.5
2479,Sweden,1984,2.4000001
2480,Sweden,1985,2.4000001
2481,Sweden,1986,2.3
2482,Sweden,1987,2.2
2483,Sweden,1988,2.0999999
2484,Sweden,1989,2.2
2485,Sweden,1990,2.3
2486,Sweden,1991,2.3
2487,Sweden,1992,2.5
2488,Sweden,1993,2.5
2489,Sweden,1994,2.5
2490,Sweden,1995,2.5999999
2491,Sweden,1996,2.4000001
2492,Sweden,1997,2.4000001
2493,Sweden,1998,2.3
2494,Sweden,1999,2.4000001
2495,Sweden,2000,2.4000001
2496,Sweden,2001,2.4000001
2497,Sweden,2002,2.4000001
2498,Sweden,2003,2.4000001
2499,Sweden,2004,2.2
2500,Sweden,2005,2.2
2501,Sweden,2006,2.2
2502,Sweden,2007,2.3
2503,Sweden,2008,2.3
2504,Sweden,2009,2.4000001
2505,Sweden,2010,2.5
2506,Sweden,2011,2.5
2507,Sweden,2012,2.5
2508,Sweden,2013,2.8
2509,Sweden,2014,2.7
2510,Sweden,2015,2.5
2511,Sweden,2016,2.4000001
2512,Sweden,2017,2.4000001
2523,Switzerland,1970,1.0
2524,Switzerland,1971,1.1
2525,Switzerland,1972,1.2
2526,Switzerland,1973,1.3
2527,Switzerland,1974,1.3
2528,Switzerland,1975,1.4
2529,Switzerland,1976,1.5
2530,Switzerland,1977,1.7
2531,Switzerland,1978,1.7
2532,Switzerland,1979,1.7
2533,Switzerland,1980,1.7
2534,Switzerland,1981,1.8
2535,Switzerland,1982,1.8
2536,Switzerland,1983,1.8
2537,Switzerland,1984,1.7
2538,Switzerland,1985,1.8
2539,Switzerland,1986,1.8
2540,Switzerland,1987,1.8
2541,Switzerland,1988,1.9
2542,Switzerland,1989,1.9
2543,Switzerland,1990,2.0
2544,Switzerland,1991,2.0
2545,Switzerland,1992,2.0999999
2546,Switzerland,1993,2.2
2547,Switzerland,1994,2.2
2548,Switzerland,1995,2.2
2549,Switzerland,1996,2.3
2550,Switzerland,1997,2.4000001
2551,Switzerland,1998,2.5
2552,Switzerland,1999,2.9000001
2553,Switzerland,2000,1.5
2554,Switzerland,2001,2.2
2555,Switzerland,2002,2.2
2556,Switzerland,2003,2.3
2557,Switzerland,2004,2.4000001
2558,Switzerland,2005,2.9000001
2559,Switzerland,2006,2.8
2560,Switzerland,2007,2.5999999
2561,Switzerland,2008,2.5999999
2562,Switzerland,2009,2.5
2563,Switzerland,2010,2.8
2564,Switzerland,2011,2.2
2565,Switzerland,2012,2.2
2566,Switzerland,2013,2.0999999
2567,Switzerland,2014,2.0
2568,Switzerland,2015,2.0999999
2569,Switzerland,2016,2.0
2570,Switzerland,2017,1.9
2651,United Kingdom,1970,1.0
2652,United Kingdom,1971,1.3
2653,United Kingdom,1972,2.0999999
2654,United Kingdom,1973,1.9
2655,United Kingdom,1974,2.0
2656,United Kingdom,1975,2.0999999
2657,United Kingdom,1976,2.3
2658,United Kingdom,1977,2.3
2659,United Kingdom,1978,2.5999999
2660,United Kingdom,1979,2.5
2661,United Kingdom,1980,2.5999999
2662,United Kingdom,1981,2.5999999
2663,United Kingdom,1982,2.5999999
2664,United Kingdom,1983,2.5999999
2665,United Kingdom,1984,2.5999999
2666,United Kingdom,1985,2.8
2667,United Kingdom,1986,2.7
2668,United Kingdom,1987,2.7
2669,United Kingdom,1988,2.7
2670,United Kingdom,1989,2.5999999
2671,United Kingdom,1990,2.7
2672,United Kingdom,1991,2.8
2673,United Kingdom,1992,2.8
2674,United Kingdom,1993,2.9000001
2675,United Kingdom,1994,2.7
2676,United Kingdom,1995,2.9000001
2677,United Kingdom,1996,3.0
2678,United Kingdom,1997,2.8
2679,United Kingdom,1998,2.7
2680,United Kingdom,1999,2.7
2681,United Kingdom,2000,2.5999999
2682,United Kingdom,2001,2.7
2683,United Kingdom,2002,2.7
2684,United Kingdom,2003,2.8
2685,United Kingdom,2004,2.8
2686,United Kingdom,2005,2.5999999
2687,United Kingdom,2006,2.4000001
2688,United Kingdom,2007,2.3
2689,United Kingdom,2008,2.2
2690,United Kingdom,2009,2.0
2691,United Kingdom,2010,2.0999999
2692,United Kingdom,2011,2.0999999
2693,United Kingdom,2012,2.0
2694,United Kingdom,2013,2.0
2695,United Kingdom,2014,1.9
2696,United Kingdom,2015,1.7
2697,United Kingdom,2016,1.8
2748,United States,1970,3.5
2749,United States,1971,3.7
2750,United States,1972,4.0
2751,United States,1973,4.3000002
2752,United States,1974,4.5999999
2753,United States,1975,4.8000002
2754,United States,1976,5.0
2755,United States,1977,5.0
2756,United States,1978,5.0999999
2757,United States,1979,5.3000002
2758,United States,1980,5.1999998
2759,United States,1981,5.3000002
2760,United States,1982,5.0
2761,United States,1983,4.9000001
2762,United States,1984,5.0
2763,United States,1985,5.0
2764,United States,1986,4.9000001
2765,United States,1987,4.8000002
2766,United States,1988,4.8000002
2767,United States,1989,4.6999998
2768,United States,1990,4.6999998
2769,United States,1991,4.6999998
2770,United States,1992,4.8000002
2771,United States,1993,4.5999999
2772,United States,1994,4.5999999
2773,United States,1995,4.4000001
2774,United States,1996,4.3000002
2775,United States,1997,4.3000002
2776,United States,1998,4.1999998
2777,United States,1999,4.0999999
2778,United States,2000,4.0999999
2779,United States,2001,4.0
2780,United States,2002,3.9000001
2781,United States,2003,3.8
2782,United States,2004,3.7
2783,United States,2005,3.5999999
2784,United States,2006,3.7
2785,United States,2007,3.5999999
2786,United States,2008,3.5
2787,United States,2009,3.5
2788,United States,2010,3.5999999
2789,United States,2011,3.5999999
2790,United States,2012,3.4000001
2791,United States,2013,3.3
2792,United States,2014,3.2
2793,United States,2015,3.0999999
2794,United States,2016,3.0
2795,United States,2017,2.9000001
2796,United States,2018,2.9000001
